labels	start	stop
speech	0.0	8.64
noise	8.64	89.64
speech	89.64	121.78
noise	121.78	341.40000000000003
speech	341.40000000000003	388.24
noise	388.24	399.5
speech	399.5	408.26
noise	408.26	639.36
speech	639.36	673.3000000000001
noise	673.3000000000001	677.86
speech	677.86	680.04
noise	680.04	884.84
speech	884.84	901.6
noise	901.6	909.38
speech	909.38	911.76
noise	911.76	919.94
